x,y,time_series_id,monitoring_location_id,parameter_code,unit_of_measure,value,last_modified,time,water_year,year,month,day,time_of_day,peak_since,qualifier
-91.1915555555556,30.4456666666667,e17f5f687b364ec4955bcfd748856406,USGS-07374000,00065,ft,23.48,2026-04-07 19:50:25.462994+00:00,1925-03-11,1925,1925,3,11,,,
-91.1915555555556,30.4456666666667,e17f5f687b364ec4955bcfd748856406,USGS-07374000,00065,ft,23.12,2026-04-07 19:50:25.462994+00:00,1895-04-06,1895,1895,4,6,,,
-91.1915555555556,30.4456666666667,e17f5f687b364ec4955bcfd748856406,USGS-07374000,00065,ft,26.28,2026-04-07 19:50:25.462994+00:00,1959-03-02,1959,1959,3,2,,,
-91.1915555555556,30.4456666666667,e17f5f687b364ec4955bcfd748856406,USGS-07374000,00065,ft,34.41,2026-04-07 19:50:25.462994+00:00,1849-01-01,1849,1849,,,,,['MONTHUNKNOWN']
-91.1915555555556,30.4456666666667,c3bd240f3fcb4eb8a65960a4a1f375ed,USGS-07374000,00060,ft^3/s,882000,2026-04-07 19:50:22.156001+00:00,1953-05-29,1953,1953,5,29,,,
-91.1915555555556,30.4456666666667,e17f5f687b364ec4955bcfd748856406,USGS-07374000,00065,ft,30.08,2026-04-07 19:50:25.462994+00:00,1971-03-14,1971,1971,3,14,,,
-91.1915555555556,30.4456666666667,e17f5f687b364ec4955bcfd748856406,USGS-07374000,00065,ft,38.28,2026-04-07 19:50:25.462994+00:00,1943-06-12,1943,1943,6,12,,,
-91.1915555555556,30.4456666666667,e17f5f687b364ec4955bcfd748856406,USGS-07374000,00065,ft,29.78,2026-04-07 19:50:25.462994+00:00,1968-04-18,1968,1968,4,18,,,
-91.1915555555556,30.4456666666667,c3bd240f3fcb4eb8a65960a4a1f375ed,USGS-07374000,00060,ft^3/s,958000,2026-04-07 19:50:22.156001+00:00,2007-02-01,2007,2007,2,1,,,['REGULATED']
-91.1915555555556,30.4456666666667,e17f5f687b364ec4955bcfd748856406,USGS-07374000,00065,ft,31.40,2026-04-07 19:50:25.462994+00:00,2004-07-04,2004,2004,7,4,,,['DIFFDATUM']
-91.1915555555556,30.4456666666667,e17f5f687b364ec4955bcfd748856406,USGS-07374000,00065,ft,43.30,2026-04-07 19:50:25.462994+00:00,1912-05-11,1912,1912,5,11,,,
-91.1915555555556,30.4456666666667,e17f5f687b364ec4955bcfd748856406,USGS-07374000,00065,ft,37.98,2026-04-07 19:50:25.462994+00:00,1939-04-02,1939,1939,4,2,,,
-91.1915555555556,30.4456666666667,c3bd240f3fcb4eb8a65960a4a1f375ed,USGS-07374000,00060,ft^3/s,558000,2026-04-07 19:50:22.156001+00:00,1954-05-11,1954,1954,5,11,,,
-91.1915555555556,30.4456666666667,e17f5f687b364ec4955bcfd748856406,USGS-07374000,00065,ft,35.76,2026-04-07 19:50:25.462994+00:00,2010-02-14,2010,2010,2,14,,,['NOTMAXGH']
-91.1915555555556,30.4456666666667,e17f5f687b364ec4955bcfd748856406,USGS-07374000,00065,ft,34.56,2026-04-07 19:50:25.462994+00:00,1883-04-09,1883,1883,4,9,,,
-91.1915555555556,30.4456666666667,c3bd240f3fcb4eb8a65960a4a1f375ed,USGS-07374000,00060,ft^3/s,868000,2026-04-07 19:50:22.156001+00:00,2011-12-27,2012,2011,12,27,,,['REGULATED']
-91.1915555555556,30.4456666666667,e17f5f687b364ec4955bcfd748856406,USGS-07374000,00065,ft,34.38,2026-04-07 19:50:25.462994+00:00,1957-06-10,1957,1957,6,10,,,
-91.1915555555556,30.4456666666667,c3bd240f3fcb4eb8a65960a4a1f375ed,USGS-07374000,00060,ft^3/s,1400000,2026-04-07 19:50:22.156001+00:00,1937-02-27,1937,1937,2,27,,,
-91.1915555555556,30.4456666666667,e17f5f687b364ec4955bcfd748856406,USGS-07374000,00065,ft,29.58,2026-04-07 19:50:25.462994+00:00,1926-04-28,1926,1926,4,28,,,
-91.1915555555556,30.4456666666667,e17f5f687b364ec4955bcfd748856406,USGS-07374000,00065,ft,42.05,2026-04-07 19:50:25.462994+00:00,1916-03-01,1916,1916,3,1,,,
-91.1915555555556,30.4456666666667,e17f5f687b364ec4955bcfd748856406,USGS-07374000,00065,ft,30.13,2026-04-07 19:50:25.462994+00:00,1977-04-22,1977,1977,4,22,,,
-91.1915555555556,30.4456666666667,e17f5f687b364ec4955bcfd748856406,USGS-07374000,00065,ft,32.68,2026-04-07 19:50:25.462994+00:00,1880-04-22,1880,1880,4,22,,,
-91.1915555555556,30.4456666666667,e17f5f687b364ec4955bcfd748856406,USGS-07374000,00065,ft,39.53,2026-04-07 19:50:25.462994+00:00,1903-04-07,1903,1903,4,7,,,
-91.1915555555556,30.4456666666667,e17f5f687b364ec4955bcfd748856406,USGS-07374000,00065,ft,43.96,2026-04-07 19:50:25.462994+00:00,2018-03-19,2018,2018,3,19,06:45:00+00:00,,
-91.1915555555556,30.4456666666667,e17f5f687b364ec4955bcfd748856406,USGS-07374000,00065,ft,29.23,2026-04-07 19:50:25.462994+00:00,1875-05-13,1875,1875,5,13,,,
-91.1915555555556,30.4456666666667,e17f5f687b364ec4955bcfd748856406,USGS-07374000,00065,ft,32.77,2026-04-07 19:50:25.462994+00:00,1978-04-14,1978,1978,4,14,,,
-91.1915555555556,30.4456666666667,e17f5f687b364ec4955bcfd748856406,USGS-07374000,00065,ft,33.58,2026-04-07 19:50:25.462994+00:00,1951-03-12,1951,1951,3,12,,,
-91.1915555555556,30.4456666666667,e17f5f687b364ec4955bcfd748856406,USGS-07374000,00065,ft,42.98,2026-04-07 19:50:25.462994+00:00,1929-06-10,1929,1929,6,10,,,
-91.1915555555556,30.4456666666667,c3bd240f3fcb4eb8a65960a4a1f375ed,USGS-07374000,00060,ft^3/s,1110000,2026-04-07 19:50:22.156001+00:00,1939-04-02,1939,1939,4,2,,,
-91.1915555555556,30.4456666666667,c3bd240f3fcb4eb8a65960a4a1f375ed,USGS-07374000,00060,ft^3/s,776000,2026-04-07 19:50:22.156001+00:00,2006-03-29,2006,2006,3,29,,,['REGULATED']
-91.1915555555556,30.4456666666667,e17f5f687b364ec4955bcfd748856406,USGS-07374000,00065,ft,28.98,2026-04-07 19:50:25.462994+00:00,1910-03-28,1910,1910,3,28,,,
-91.1915555555556,30.4456666666667,e17f5f687b364ec4955bcfd748856406,USGS-07374000,00065,ft,39.08,2026-04-07 19:50:25.462994+00:00,1908-06-16,1908,1908,6,16,,,
-91.1915555555556,30.4456666666667,e17f5f687b364ec4955bcfd748856406,USGS-07374000,00065,ft,34.28,2026-04-07 19:50:25.462994+00:00,1964-05-14,1964,1964,5,14,,,
-91.1915555555556,30.4456666666667,e17f5f687b364ec4955bcfd748856406,USGS-07374000,00065,ft,33.18,2026-04-07 19:50:25.462994+00:00,1904-04-29,1904,1904,4,29,,,
-91.1915555555556,30.4456666666667,e17f5f687b364ec4955bcfd748856406,USGS-07374000,00065,ft,45.48,2026-04-07 19:50:25.462994+00:00,2011-05-18,2011,2011,5,18,,,
-91.1915555555556,30.4456666666667,c3bd240f3fcb4eb8a65960a4a1f375ed,USGS-07374000,00060,ft^3/s,1320000,2026-04-07 19:50:22.156001+00:00,2008-04-25,2008,2008,4,25,,,['REGULATED']
-91.1915555555556,30.4456666666667,c3bd240f3fcb4eb8a65960a4a1f375ed,USGS-07374000,00060,ft^3/s,1380000,2026-04-07 19:50:22.156001+00:00,1973-05-10,1973,1973,5,10,,,
-91.1915555555556,30.4456666666667,e17f5f687b364ec4955bcfd748856406,USGS-07374000,00065,ft,30.28,2026-04-07 19:50:25.462994+00:00,1905-06-09,1905,1905,6,9,,,
-91.1915555555556,30.4456666666667,e17f5f687b364ec4955bcfd748856406,USGS-07374000,00065,ft,40.88,2026-04-07 19:50:25.462994+00:00,1944-05-18,1944,1944,5,18,,,
-91.1915555555556,30.4456666666667,c3bd240f3fcb4eb8a65960a4a1f375ed,USGS-07374000,00060,ft^3/s,1160000,2026-04-07 19:50:22.156001+00:00,1974-02-15,1974,1974,2,15,,,
-91.1915555555556,30.4456666666667,e17f5f687b364ec4955bcfd748856406,USGS-07374000,00065,ft,31.91,2026-04-07 19:50:25.462994+00:00,1911-05-13,1911,1911,5,13,,,
-91.1915555555556,30.4456666666667,c3bd240f3fcb4eb8a65960a4a1f375ed,USGS-07374000,00060,ft^3/s,937000,2026-04-07 19:50:22.156001+00:00,1936-05-03,1936,1936,5,3,,,
-91.1915555555556,30.4456666666667,e17f5f687b364ec4955bcfd748856406,USGS-07374000,00065,ft,40.44,2026-04-07 19:50:25.462994+00:00,1975-04-14,1975,1975,4,14,,,
-91.1915555555556,30.4456666666667,e17f5f687b364ec4955bcfd748856406,USGS-07374000,00065,ft,30.48,2026-04-07 19:50:25.462994+00:00,1940-05-12,1940,1940,5,12,,,
-91.1915555555556,30.4456666666667,e17f5f687b364ec4955bcfd748856406,USGS-07374000,00065,ft,29.08,2026-04-07 19:50:25.462994+00:00,1956-03-03,1956,1956,3,3,,,
-91.1915555555556,30.4456666666667,e17f5f687b364ec4955bcfd748856406,USGS-07374000,00065,ft,32.78,2026-04-07 19:50:25.462994+00:00,1930-02-04,1930,1930,2,4,,,
-91.1915555555556,30.4456666666667,e17f5f687b364ec4955bcfd748856406,USGS-07374000,00065,ft,19.58,2026-04-07 19:50:25.462994+00:00,1931-04-21,1931,1931,4,21,,,
-91.1915555555556,30.4456666666667,e17f5f687b364ec4955bcfd748856406,USGS-07374000,00065,ft,34.00,2026-04-07 19:50:25.462994+00:00,1871-01-01,1871,1871,,,,,['MONTHUNKNOWN']
-91.1915555555556,30.4456666666667,e17f5f687b364ec4955bcfd748856406,USGS-07374000,00065,ft,33.88,2026-04-07 19:50:25.462994+00:00,1952-04-13,1952,1952,4,13,,,
-91.1915555555556,30.4456666666667,e17f5f687b364ec4955bcfd748856406,USGS-07374000,00065,ft,45.18,2026-04-07 19:50:25.462994+00:00,1922-05-16,1922,1922,5,16,,,
-91.1915555555556,30.4456666666667,c3bd240f3fcb4eb8a65960a4a1f375ed,USGS-07374000,00060,ft^3/s,1310000,2026-04-07 19:50:22.156001+00:00,1943-06-12,1943,1943,6,12,,,
-91.1915555555556,30.4456666666667,c3bd240f3fcb4eb8a65960a4a1f375ed,USGS-07374000,00060,ft^3/s,895000,2026-04-07 19:50:22.156001+00:00,1956-03-03,1956,1956,3,3,,,
-91.1915555555556,30.4456666666667,e17f5f687b364ec4955bcfd748856406,USGS-07374000,00065,ft,31.68,2026-04-07 19:50:25.462994+00:00,1852-06-13,1852,1852,6,13,,,
-91.1915555555556,30.4456666666667,e17f5f687b364ec4955bcfd748856406,USGS-07374000,00065,ft,47.28,2026-04-07 19:50:25.462994+00:00,1927-05-15,1927,1927,5,15,,,
-91.1915555555556,30.4456666666667,c3bd240f3fcb4eb8a65960a4a1f375ed,USGS-07374000,00060,ft^3/s,1060000,2026-04-07 19:50:22.156001+00:00,2015-07-26,2015,2015,7,26,,,['REGULATED']
-91.1915555555556,30.4456666666667,e17f5f687b364ec4955bcfd748856406,USGS-07374000,00065,ft,35.28,2026-04-07 19:50:25.462994+00:00,1948-03-14,1948,1948,3,14,,,
-91.1915555555556,30.4456666666667,c3bd240f3fcb4eb8a65960a4a1f375ed,USGS-07374000,00060,ft^3/s,1210000,2026-04-07 19:50:22.156001+00:00,1944-05-18,1944,1944,5,18,,,
-91.1915555555556,30.4456666666667,e17f5f687b364ec4955bcfd748856406,USGS-07374000,00065,ft,32.18,2026-04-07 19:50:25.462994+00:00,1970-05-19,1970,1970,5,19,,,
-91.1915555555556,30.4456666666667,c3bd240f3fcb4eb8a65960a4a1f375ed,USGS-07374000,00060,ft^3/s,959000,2026-04-07 19:50:22.156001+00:00,1948-03-14,1948,1948,3,14,,,
-91.1915555555556,30.4456666666667,e17f5f687b364ec4955bcfd748856406,USGS-07374000,00065,ft,33.41,2026-06-29 17:30:34.931899+00:00,1844-01-01,1844,1844,,,,,['MONTHUNKNOWN']
-91.1915555555556,30.4456666666667,e17f5f687b364ec4955bcfd748856406,USGS-07374000,00065,ft,26.23,2026-04-07 19:50:25.462994+00:00,1889-03-13,1889,1889,3,13,,,
-91.1915555555556,30.4456666666667,e17f5f687b364ec4955bcfd748856406,USGS-07374000,00065,ft,35.43,2026-04-07 19:50:25.462994+00:00,1882-03-26,1882,1882,3,26,,,
-91.1915555555556,30.4456666666667,e17f5f687b364ec4955bcfd748856406,USGS-07374000,00065,ft,35.77,2026-04-07 19:50:25.462994+00:00,2010-02-15,2010,2010,2,15,,,['GHNOTASSCPKQ']
-91.1915555555556,30.4456666666667,c3bd240f3fcb4eb8a65960a4a1f375ed,USGS-07374000,00060,ft^3/s,966000,2026-09-19 12:50:18.269569+00:00,2023-03-20,2023,2023,3,20,15:00:00+00:00,,['REGULATED']
-91.1915555555556,30.4456666666667,e17f5f687b364ec4955bcfd748856406,USGS-07374000,00065,ft,27.98,2026-04-07 19:50:25.462994+00:00,1967-06-02,1967,1967,6,2,,,
-91.1915555555556,30.4456666666667,e17f5f687b364ec4955bcfd748856406,USGS-07374000,00065,ft,41.00,2026-04-07 19:50:25.462994+00:00,2009-06-01,2009,2009,6,1,,,
-91.1915555555556,30.4456666666667,c3bd240f3fcb4eb8a65960a4a1f375ed,USGS-07374000,00060,ft^3/s,985000,2026-04-07 19:50:22.156001+00:00,2022-03-23,2022,2022,3,23,08:15:00+00:00,,['REGULATED']
-91.1915555555556,30.4456666666667,e17f5f687b364ec4955bcfd748856406,USGS-07374000,00065,ft,36.08,2026-04-07 19:50:25.462994+00:00,1890-04-21,1890,1890,4,21,,,
-91.1915555555556,30.4456666666667,e17f5f687b364ec4955bcfd748856406,USGS-07374000,00065,ft,32.57,2026-06-29 17:30:34.931899+00:00,2014-04-23,2014,2014,4,23,,,['GHNOTASSCPKQ']
-91.1915555555556,30.4456666666667,e17f5f687b364ec4955bcfd748856406,USGS-07374000,00065,ft,37.99,2026-04-07 19:50:25.462994+00:00,1933-06-15,1933,1933,6,15,,,
-91.1915555555556,30.4456666666667,e17f5f687b364ec4955bcfd748856406,USGS-07374000,00065,ft,33.88,2026-04-07 19:50:25.462994+00:00,1906-05-01,1906,1906,5,1,,,
-91.1915555555556,30.4456666666667,e17f5f687b364ec4955bcfd748856406,USGS-07374000,00065,ft,29.68,2026-04-07 19:50:25.462994+00:00,1963-04-07,1963,1963,4,7,,,
-91.1915555555556,30.4456666666667,e17f5f687b364ec4955bcfd748856406,USGS-07374000,00065,ft,34.78,2026-04-07 19:50:25.462994+00:00,1962-04-15,1962,1962,4,15,,,
-91.1915555555556,30.4456666666667,e17f5f687b364ec4955bcfd748856406,USGS-07374000,00065,ft,20.38,2026-04-07 19:50:25.462994+00:00,1954-05-11,1954,1954,5,11,,,
-91.1915555555556,30.4456666666667,c3bd240f3fcb4eb8a65960a4a1f375ed,USGS-07374000,00060,ft^3/s,1020000,2026-04-07 19:50:22.156001+00:00,1942-04-29,1942,1942,4,29,,,
-91.1915555555556,30.4456666666667,e17f5f687b364ec4955bcfd748856406,USGS-07374000,00065,ft,37.88,2026-04-07 19:50:25.462994+00:00,1949-02-14,1949,1949,2,14,,,
-91.1915555555556,30.4456666666667,e17f5f687b364ec4955bcfd748856406,USGS-07374000,00065,ft,45.18,2026-04-07 19:50:25.462994+00:00,1945-04-16,1945,1945,4,16,,,
-91.1915555555556,30.4456666666667,e17f5f687b364ec4955bcfd748856406,USGS-07374000,00065,ft,36.28,2026-04-07 19:50:25.462994+00:00,1946-01-31,1946,1946,1,31,,,
-91.1915555555556,30.4456666666667,e17f5f687b364ec4955bcfd748856406,USGS-07374000,00065,ft,44.48,2026-04-07 19:50:25.462994+00:00,1937-02-27,1937,1937,2,27,,,
-91.1915555555556,30.4456666666667,e17f5f687b364ec4955bcfd748856406,USGS-07374000,00065,ft,34.51,2026-04-07 19:50:25.462994+00:00,1859-01-01,1859,1859,,,,,['MONTHUNKNOWN']
-91.1915555555556,30.4456666666667,e17f5f687b364ec4955bcfd748856406,USGS-07374000,00065,ft,35.88,2026-04-07 19:50:25.462994+00:00,1928-07-16,1928,1928,7,16,,,
-91.1915555555556,30.4456666666667,e17f5f687b364ec4955bcfd748856406,USGS-07374000,00065,ft,32.98,2026-04-07 19:50:25.462994+00:00,1966-03-03,1966,1966,3,3,,,
-91.1915555555556,30.4456666666667,e17f5f687b364ec4955bcfd748856406,USGS-07374000,00065,ft,37.88,2026-04-07 19:50:25.462994+00:00,1893-06-23,1893,1893,6,23,,,
-91.1915555555556,30.4456666666667,e17f5f687b364ec4955bcfd748856406,USGS-07374000,00065,ft,32.48,2026-04-07 19:50:25.462994+00:00,1832-01-01,1832,1832,,,,,['MONTHUNKNOWN']
-91.1915555555556,30.4456666666667,c3bd240f3fcb4eb8a65960a4a1f375ed,USGS-07374000,00060,ft^3/s,1380000,2026-04-07 19:50:22.156001+00:00,2019-03-19,2019,2019,3,19,14:00:00+00:00,,['REGULATED']
-91.1915555555556,30.4456666666667,e17f5f687b364ec4955bcfd748856406,USGS-07374000,00065,ft,36.43,2026-04-07 19:50:25.462994+00:00,1938-04-30,1938,1938,4,30,,,
-91.1915555555556,30.4456666666667,e17f5f687b364ec4955bcfd748856406,USGS-07374000,00065,ft,29.13,2026-04-07 19:50:25.462994+00:00,1872-05-07,1872,1872,5,7,,,
-91.1915555555556,30.4456666666667,e17f5f687b364ec4955bcfd748856406,USGS-07374000,00065,ft,31.90,2026-04-07 19:50:25.462994+00:00,1914-04-29,1914,1914,4,29,,,
-91.1915555555556,30.4456666666667,e17f5f687b364ec4955bcfd748856406,USGS-07374000,00065,ft,31.58,2026-04-07 19:50:25.462994+00:00,1886-05-31,1886,1886,5,31,,,
-91.1915555555556,30.4456666666667,e17f5f687b364ec4955bcfd748856406,USGS-07374000,00065,ft,37.93,2026-04-07 19:50:25.462994+00:00,1892-06-28,1892,1892,6,28,,,
-91.1915555555556,30.4456666666667,e17f5f687b364ec4955bcfd748856406,USGS-07374000,00065,ft,28.88,2026-04-07 19:50:25.462994+00:00,1902-04-18,1902,1902,4,18,,,
-91.1915555555556,30.4456666666667,c3bd240f3fcb4eb8a65960a4a1f375ed,USGS-07374000,00060,ft^3/s,1360000,2026-04-07 19:50:22.156001+00:00,1950-03-04,1950,1950,3,4,,,
-91.1915555555556,30.4456666666667,e17f5f687b364ec4955bcfd748856406,USGS-07374000,00065,ft,32.57,2026-06-29 17:30:34.931899+00:00,2014-04-23,2014,2014,4,23,,,['NOTMAXGH']
-91.1915555555556,30.4456666666667,e17f5f687b364ec4955bcfd748856406,USGS-07374000,00065,ft,29.13,2026-04-07 19:50:25.462994+00:00,1877-06-01,1877,1877,6,1,,,
-91.1915555555556,30.4456666666667,e17f5f687b364ec4955bcfd748856406,USGS-07374000,00065,ft,44.40,2026-04-07 19:50:25.462994+00:00,2019-03-20,2019,2019,3,20,00:30:00+00:00,,
-91.1915555555556,30.4456666666667,e17f5f687b364ec4955bcfd748856406,USGS-07374000,00065,ft,33.18,2026-04-07 19:50:25.462994+00:00,1899-04-21,1899,1899,4,21,,,
-91.1915555555556,30.4456666666667,e17f5f687b364ec4955bcfd748856406,USGS-07374000,00065,ft,34.01,2026-04-07 19:50:25.462994+00:00,1850-01-01,1850,1850,,,,,['MONTHUNKNOWN']
-91.1915555555556,30.4456666666667,c3bd240f3fcb4eb8a65960a4a1f375ed,USGS-07374000,00060,ft^3/s,731000,2026-04-07 19:50:22.156001+00:00,1934-04-15,1934,1934,4,15,,,
-91.1915555555556,30.4456666666667,c3bd240f3fcb4eb8a65960a4a1f375ed,USGS-07374000,00060,ft^3/s,1440000,2026-04-07 19:50:22.156001+00:00,2011-05-18,2011,2011,5,18,,,['REGULATED']
-91.1915555555556,30.4456666666667,c3bd240f3fcb4eb8a65960a4a1f375ed,USGS-07374000,00060,ft^3/s,1340000,2026-04-07 19:50:22.156001+00:00,2016-01-18,2016,2016,1,18,,,['REGULATED']
-91.1915555555556,30.4456666666667,e17f5f687b364ec4955bcfd748856406,USGS-07374000,00065,ft,39.25,2026-04-07 19:50:25.462994+00:00,2021-04-17,2021,2021,4,17,02:30:00+00:00,,
-91.1915555555556,30.4456666666667,c3bd240f3fcb4eb8a65960a4a1f375ed,USGS-07374000,00060,ft^3/s,1170000,2026-04-07 19:50:22.156001+00:00,2005-02-02,2005,2005,2,2,,,['REGULATED']
-91.1915555555556,30.4456666666667,e17f5f687b364ec4955bcfd748856406,USGS-07374000,00065,ft,35.65,2026-04-07 19:50:25.462994+00:00,1909-04-07,1909,1909,4,7,,,
-91.1915555555556,30.4456666666667,e17f5f687b364ec4955bcfd748856406,USGS-07374000,00065,ft,42.26,2026-04-07 19:50:25.462994+00:00,1932-03-04,1932,1932,3,4,,,
-91.1915555555556,30.4456666666667,e17f5f687b364ec4955bcfd748856406,USGS-07374000,00065,ft,35.55,2026-04-07 19:50:25.462994+00:00,1862-01-01,1862,1862,,,,,['MONTHUNKNOWN']
-91.1915555555556,30.4456666666667,e17f5f687b364ec4955bcfd748856406,USGS-07374000,00065,ft,27.44,2026-04-07 19:50:25.462994+00:00,2006-03-28,2006,2006,3,28,,,"['ESTIMATED', 'GHNOTASSCPKQ']"
-91.1915555555556,30.4456666666667,e17f5f687b364ec4955bcfd748856406,USGS-07374000,00065,ft,41.12,2026-04-07 19:50:25.462994+00:00,2017-05-30,2017,2017,5,30,18:30:00+00:00,,
-91.1915555555556,30.4456666666667,e17f5f687b364ec4955bcfd748856406,USGS-07374000,00065,ft,34.21,2026-04-07 19:50:25.462994+00:00,1828-01-01,1828,1828,,,,,['MONTHUNKNOWN']
-91.1915555555556,30.4456666666667,c3bd240f3fcb4eb8a65960a4a1f375ed,USGS-07374000,00060,ft^3/s,1020000,2026-04-07 19:50:22.156001+00:00,1952-04-13,1952,1952,4,13,,,
-91.1915555555556,30.4456666666667,e17f5f687b364ec4955bcfd748856406,USGS-07374000,00065,ft,33.88,2026-04-07 19:50:25.462994+00:00,1947-05-08,1947,1947,5,8,,,
-91.1915555555556,30.4456666666667,e17f5f687b364ec4955bcfd748856406,USGS-07374000,00065,ft,35.79,2026-04-07 19:50:25.462994+00:00,2022-03-23,2022,2022,3,23,08:15:00+00:00,,
-91.1915555555556,30.4456666666667,e17f5f687b364ec4955bcfd748856406,USGS-07374000,00065,ft,33.08,2026-04-07 19:50:25.462994+00:00,1915-03-05,1915,1915,3,5,,,
-91.1915555555556,30.4456666666667,e17f5f687b364ec4955bcfd748856406,USGS-07374000,00065,ft,42.98,2026-04-07 19:50:25.462994+00:00,1950-03-04,1950,1950,3,4,,,
-91.1915555555556,30.4456666666667,c3bd240f3fcb4eb8a65960a4a1f375ed,USGS-07374000,00060,ft^3/s,1220000,2026-04-07 19:50:22.156001+00:00,2017-05-30,2017,2017,5,30,18:30:00+00:00,,['REGULATED']
-91.1915555555556,30.4456666666667,e17f5f687b364ec4955bcfd748856406,USGS-07374000,00065,ft,38.73,2026-04-07 19:50:25.462994+00:00,2005-02-02,2005,2005,2,2,,,
-91.1915555555556,30.4456666666667,c3bd240f3fcb4eb8a65960a4a1f375ed,USGS-07374000,00060,ft^3/s,1040000,2026-04-07 19:50:22.156001+00:00,1951-03-12,1951,1951,3,12,,,
-91.1915555555556,30.4456666666667,e17f5f687b364ec4955bcfd748856406,USGS-07374000,00065,ft,43.55,2026-04-07 19:50:25.462994+00:00,2008-04-25,2008,2008,4,25,,,
-91.1915555555556,30.4456666666667,e17f5f687b364ec4955bcfd748856406,USGS-07374000,00065,ft,31.38,2026-04-07 19:50:25.462994+00:00,1965-04-24,1965,1965,4,24,,,
-91.1915555555556,30.4456666666667,e17f5f687b364ec4955bcfd748856406,USGS-07374000,00065,ft,34.01,2026-04-07 19:50:25.462994+00:00,1851-04-01,1851,1851,4,1,,,
-91.1915555555556,30.4456666666667,c3bd240f3fcb4eb8a65960a4a1f375ed,USGS-07374000,00060,ft^3/s,810000,2026-04-07 19:50:22.156001+00:00,2004-07-04,2004,2004,7,4,,,['REGULATED']
-91.1915555555556,30.4456666666667,e17f5f687b364ec4955bcfd748856406,USGS-07374000,00065,ft,31.98,2026-04-07 19:50:25.462994+00:00,1888-04-29,1888,1888,4,29,,,
-91.1915555555556,30.4456666666667,e17f5f687b364ec4955bcfd748856406,USGS-07374000,00065,ft,33.18,2026-04-07 19:50:25.462994+00:00,1924-01-30,1924,1924,1,30,,,
-91.1915555555556,30.4456666666667,e17f5f687b364ec4955bcfd748856406,USGS-07374000,00065,ft,36.88,2026-04-07 19:50:25.462994+00:00,1907-02-17,1907,1907,2,17,,,
-91.1915555555556,30.4456666666667,c3bd240f3fcb4eb8a65960a4a1f375ed,USGS-07374000,00060,ft^3/s,1180000,2026-04-07 19:50:22.156001+00:00,2009-06-01,2009,2009,6,1,,,['REGULATED']
-91.1915555555556,30.4456666666667,e17f5f687b364ec4955bcfd748856406,USGS-07374000,00065,ft,28.33,2026-04-07 19:50:25.462994+00:00,1896-04-23,1896,1896,4,23,,,
-91.1915555555556,30.4456666666667,c3bd240f3fcb4eb8a65960a4a1f375ed,USGS-07374000,00060,ft^3/s,1200000,2026-04-07 19:50:22.156001+00:00,1949-02-14,1949,1949,2,14,,,
-91.1915555555556,30.4456666666667,e17f5f687b364ec4955bcfd748856406,USGS-07374000,00065,ft,33.97,2026-04-07 19:50:25.462994+00:00,1869-01-01,1869,1869,,,,,['MONTHUNKNOWN']
-91.1915555555556,30.4456666666667,c3bd240f3fcb4eb8a65960a4a1f375ed,USGS-07374000,00060,ft^3/s,881000,2026-04-07 19:50:22.156001+00:00,1947-05-08,1947,1947,5,8,,,
-91.1915555555556,30.4456666666667,c3bd240f3fcb4eb8a65960a4a1f375ed,USGS-07374000,00060,ft^3/s,1230000,2026-04-07 19:50:22.156001+00:00,1946-01-31,1946,1946,1,31,,,
-91.1915555555556,30.4456666666667,e17f5f687b364ec4955bcfd748856406,USGS-07374000,00065,ft,32.63,2026-04-07 19:50:25.462994+00:00,2007-01-28,2007,2007,1,28,,,['GHNOTASSCPKQ']
-91.1915555555556,30.4456666666667,e17f5f687b364ec4955bcfd748856406,USGS-07374000,00065,ft,30.43,2026-04-07 19:50:25.462994+00:00,1894-04-05,1894,1894,4,5,,,
-91.1915555555556,30.4456666666667,e17f5f687b364ec4955bcfd748856406,USGS-07374000,00065,ft,33.18,2026-04-07 19:50:25.462994+00:00,1958-05-25,1958,1958,5,25,,,
-91.1915555555556,30.4456666666667,c3bd240f3fcb4eb8a65960a4a1f375ed,USGS-07374000,00060,ft^3/s,853000,2026-04-07 19:50:22.156001+00:00,1940-05-12,1940,1940,5,12,,,
-91.1915555555556,30.4456666666667,e17f5f687b364ec4955bcfd748856406,USGS-07374000,00065,ft,33.03,2026-04-07 19:50:25.462994+00:00,1887-04-10,1887,1887,4,10,,,
-91.1915555555556,30.4456666666667,e17f5f687b364ec4955bcfd748856406,USGS-07374000,00065,ft,34.38,2026-04-07 19:50:25.462994+00:00,1921-05-14,1921,1921,5,14,,,
-91.1915555555556,30.4456666666667,c3bd240f3fcb4eb8a65960a4a1f375ed,USGS-07374000,00060,ft^3/s,1360000,2026-04-07 19:50:22.156001+00:00,2020-04-16,2020,2020,4,16,12:15:00+00:00,,['REGULATED']
-91.1915555555556,30.4456666666667,e17f5f687b364ec4955bcfd748856406,USGS-07374000,00065,ft,27.38,2026-04-07 19:50:25.462994+00:00,2006-03-29,2006,2006,3,29,,,['NOTMAXGH']
-91.1915555555556,30.4456666666667,e17f5f687b364ec4955bcfd748856406,USGS-07374000,00065,ft,33.08,2026-04-07 19:50:25.462994+00:00,1955-04-13,1955,1955,4,13,,,
-91.1915555555556,30.4456666666667,e17f5f687b364ec4955bcfd748856406,USGS-07374000,00065,ft,43.58,2026-04-07 19:50:25.462994+00:00,2016-01-18,2016,2016,1,18,,,
-91.1915555555556,30.4456666666667,e17f5f687b364ec4955bcfd748856406,USGS-07374000,00065,ft,32.75,2026-04-07 19:50:25.462994+00:00,1936-05-03,1936,1936,5,3,,,
-91.1915555555556,30.4456666666667,c3bd240f3fcb4eb8a65960a4a1f375ed,USGS-07374000,00060,ft^3/s,1040000,2026-04-07 19:50:22.156001+00:00,2010-02-14,2010,2010,2,14,,,['REGULATED']
-91.1915555555556,30.4456666666667,e17f5f687b364ec4955bcfd748856406,USGS-07374000,00065,ft,31.88,2026-04-07 19:50:25.462994+00:00,1942-04-29,1942,1942,4,29,,,
-91.1915555555556,30.4456666666667,e17f5f687b364ec4955bcfd748856406,USGS-07374000,00065,ft,31.38,2026-04-07 19:50:25.462994+00:00,1885-02-02,1885,1885,2,2,,,
-91.1915555555556,30.4456666666667,e17f5f687b364ec4955bcfd748856406,USGS-07374000,00065,ft,40.98,2026-04-07 19:50:25.462994+00:00,1920-05-22,1920,1920,5,22,,,
-91.1915555555556,30.4456666666667,e17f5f687b364ec4955bcfd748856406,USGS-07374000,00065,ft,33.93,2026-04-07 19:50:25.462994+00:00,1919-04-16,1919,1919,4,16,,,
-91.1915555555556,30.4456666666667,e17f5f687b364ec4955bcfd748856406,USGS-07374000,00065,ft,26.27,2026-04-07 19:50:25.462994+00:00,1918-05-10,1918,1918,5,10,,,
-91.1915555555556,30.4456666666667,e17f5f687b364ec4955bcfd748856406,USGS-07374000,00065,ft,27.98,2026-04-07 19:50:25.462994+00:00,1934-04-15,1934,1934,4,15,,,
-91.1915555555556,30.4456666666667,e17f5f687b364ec4955bcfd748856406,USGS-07374000,00065,ft,40.13,2026-04-07 19:50:25.462994+00:00,1897-05-13,1897,1897,5,13,,,
-91.1915555555556,30.4456666666667,c3bd240f3fcb4eb8a65960a4a1f375ed,USGS-07374000,00060,ft^3/s,1070000,2026-04-07 19:50:22.156001+00:00,1935-05-06,1935,1935,5,6,,,
-91.1915555555556,30.4456666666667,c3bd240f3fcb4eb8a65960a4a1f375ed,USGS-07374000,00060,ft^3/s,859000,2026-04-07 19:50:22.156001+00:00,2014-04-23,2014,2014,4,23,,,['REGULATED']
-91.1915555555556,30.4456666666667,e17f5f687b364ec4955bcfd748856406,USGS-07374000,00065,ft,27.98,2026-04-07 19:50:25.462994+00:00,1960-04-26,1960,1960,4,26,,,
-91.1915555555556,30.4456666666667,e17f5f687b364ec4955bcfd748856406,USGS-07374000,00065,ft,38.01,2026-04-07 19:50:25.462994+00:00,1935-05-06,1935,1935,5,6,,,
-91.1915555555556,30.4456666666667,e17f5f687b364ec4955bcfd748856406,USGS-07374000,00065,ft,38.18,2026-04-07 19:50:25.462994+00:00,1923-04-14,1923,1923,4,14,,,
-91.1915555555556,30.4456666666667,e17f5f687b364ec4955bcfd748856406,USGS-07374000,00065,ft,35.63,2026-04-07 19:50:25.462994+00:00,1874-04-16,1874,1874,4,16,,,
-91.1915555555556,30.4456666666667,e17f5f687b364ec4955bcfd748856406,USGS-07374000,00065,ft,32.78,2026-04-07 19:50:25.462994+00:00,2011-12-27,2012,2011,12,27,,,
-91.1915555555556,30.4456666666667,e17f5f687b364ec4955bcfd748856406,USGS-07374000,00065,ft,40.78,2026-04-07 19:50:25.462994+00:00,1913-05-09,1913,1913,5,9,,,
-91.1915555555556,30.4456666666667,e17f5f687b364ec4955bcfd748856406,USGS-07374000,00065,ft,28.83,2026-04-07 19:50:25.462994+00:00,1878-05-19,1878,1878,5,19,,,
-91.1915555555556,30.4456666666667,e17f5f687b364ec4955bcfd748856406,USGS-07374000,00065,ft,32.30,2026-04-07 19:50:25.462994+00:00,2007-02-01,2007,2007,2,1,,,['NOTMAXGH']
-91.1915555555556,30.4456666666667,c3bd240f3fcb4eb8a65960a4a1f375ed,USGS-07374000,00060,ft^3/s,1030000,2026-04-07 19:50:22.156001+00:00,1955-04-13,1955,1955,4,13,,,
-91.1915555555556,30.4456666666667,c3bd240f3fcb4eb8a65960a4a1f375ed,USGS-07374000,00060,ft^3/s,1100000,2026-04-07 19:50:22.156001+00:00,2021-04-17,2021,2021,4,17,02:30:00+00:00,,['REGULATED']
-91.1915555555556,30.4456666666667,e17f5f687b364ec4955bcfd748856406,USGS-07374000,00065,ft,29.33,2026-04-07 19:50:25.462994+00:00,1873-06-17,1873,1873,6,17,,,
-91.1915555555556,30.4456666666667,c3bd240f3fcb4eb8a65960a4a1f375ed,USGS-07374000,00060,ft^3/s,1200000,2026-04-07 19:50:22.156001+00:00,1932-03-04,1932,1932,3,4,,,
-91.1915555555556,30.4456666666667,e17f5f687b364ec4955bcfd748856406,USGS-07374000,00065,ft,35.35,2026-09-19 12:50:22.084404+00:00,2023-03-20,2023,2023,3,20,15:00:00+00:00,,
-91.1915555555556,30.4456666666667,e17f5f687b364ec4955bcfd748856406,USGS-07374000,00065,ft,32.28,2026-04-07 19:50:25.462994+00:00,1969-02-22,1969,1969,2,22,,,
-91.1915555555556,30.4456666666667,e17f5f687b364ec4955bcfd748856406,USGS-07374000,00065,ft,25.58,2026-04-07 19:50:25.462994+00:00,1879-02-15,1879,1879,2,15,,,
-91.1915555555556,30.4456666666667,e17f5f687b364ec4955bcfd748856406,USGS-07374000,00065,ft,35.03,2026-04-07 19:50:25.462994+00:00,1891-05-03,1891,1891,5,3,,,
-91.1915555555556,30.4456666666667,e17f5f687b364ec4955bcfd748856406,USGS-07374000,00065,ft,26.73,2026-04-07 19:50:25.462994+00:00,1900-03-28,1900,1900,3,28,,,
-91.1915555555556,30.4456666666667,e17f5f687b364ec4955bcfd748856406,USGS-07374000,00065,ft,34.08,2026-04-07 19:50:25.462994+00:00,1898-04-29,1898,1898,4,29,,,
-91.1915555555556,30.4456666666667,e17f5f687b364ec4955bcfd748856406,USGS-07374000,00065,ft,31.08,2026-04-07 19:50:25.462994+00:00,1953-05-29,1953,1953,5,29,,,
-91.1915555555556,30.4456666666667,c3bd240f3fcb4eb8a65960a4a1f375ed,USGS-07374000,00060,ft^3/s,1060000,2026-04-07 19:50:22.156001+00:00,1933-06-15,1933,1933,6,15,,,
-91.1915555555556,30.4456666666667,e17f5f687b364ec4955bcfd748856406,USGS-07374000,00065,ft,41.58,2026-04-07 19:50:25.462994+00:00,1973-05-10,1973,1973,5,10,,,
-91.1915555555556,30.4456666666667,e17f5f687b364ec4955bcfd748856406,USGS-07374000,00065,ft,22.78,2026-04-07 19:50:25.462994+00:00,1941-05-02,1941,1941,5,2,,,
-91.1915555555556,30.4456666666667,e17f5f687b364ec4955bcfd748856406,USGS-07374000,00065,ft,27.69,2026-04-07 19:50:25.462994+00:00,1901-05-15,1901,1901,5,15,,,
-91.1915555555556,30.4456666666667,c3bd240f3fcb4eb8a65960a4a1f375ed,USGS-07374000,00060,ft^3/s,1040000,2026-04-07 19:50:22.156001+00:00,1938-04-30,1938,1938,4,30,,,
-91.1915555555556,30.4456666666667,e17f5f687b364ec4955bcfd748856406,USGS-07374000,00065,ft,35.68,2026-04-07 19:50:25.462994+00:00,1884-03-24,1884,1884,3,24,,,
-91.1915555555556,30.4456666666667,c3bd240f3fcb4eb8a65960a4a1f375ed,USGS-07374000,00060,ft^3/s,1360000,2026-04-07 19:50:22.156001+00:00,2018-03-19,2018,2018,3,19,06:45:00+00:00,,['REGULATED']
-91.1915555555556,30.4456666666667,e17f5f687b364ec4955bcfd748856406,USGS-07374000,00065,ft,44.61,2026-04-07 19:50:25.462994+00:00,2020-04-16,2020,2020,4,16,17:45:00+00:00,,
-91.1915555555556,30.4456666666667,e17f5f687b364ec4955bcfd748856406,USGS-07374000,00065,ft,37.32,2026-04-07 19:50:25.462994+00:00,1917-04-29,1917,1917,4,29,,,
-91.1915555555556,30.4456666666667,c3bd240f3fcb4eb8a65960a4a1f375ed,USGS-07374000,00060,ft^3/s,1470000,2026-04-07 19:50:22.156001+00:00,1945-04-16,1945,1945,4,16,,,
-91.1915555555556,30.4456666666667,e17f5f687b364ec4955bcfd748856406,USGS-07374000,00065,ft,35.97,2026-04-07 19:50:25.462994+00:00,2013-05-25,2013,2013,5,25,,,
-91.1915555555556,30.4456666666667,e17f5f687b364ec4955bcfd748856406,USGS-07374000,00065,ft,36.58,2026-04-07 19:50:25.462994+00:00,1961-06-01,1961,1961,6,1,,,
-91.1915555555556,30.4456666666667,e17f5f687b364ec4955bcfd748856406,USGS-07374000,00065,ft,34.01,2026-04-07 19:50:25.462994+00:00,1858-01-01,1858,1858,,,,,['MONTHUNKNOWN']
-91.1915555555556,30.4456666666667,c3bd240f3fcb4eb8a65960a4a1f375ed,USGS-07374000,00060,ft^3/s,1000000,2026-04-07 19:50:22.156001+00:00,2013-05-25,2013,2013,5,25,,,['REGULATED']
-91.1915555555556,30.4456666666667,e17f5f687b364ec4955bcfd748856406,USGS-07374000,00065,ft,38.48,2026-04-07 19:50:25.462994+00:00,1974-02-15,1974,1974,2,15,,,
-91.1915555555556,30.4456666666667,e17f5f687b364ec4955bcfd748856406,USGS-07374000,00065,ft,27.44,2026-04-07 19:50:25.462994+00:00,1976-03-16,1976,1976,3,16,,,
-91.1915555555556,30.4456666666667,e17f5f687b364ec4955bcfd748856406,USGS-07374000,00065,ft,29.53,2026-04-07 19:50:25.462994+00:00,1881-04-08,1881,1881,4,8,,,
-91.1915555555556,30.4456666666667,e17f5f687b364ec4955bcfd748856406,USGS-07374000,00065,ft,30.48,2026-04-07 19:50:25.462994+00:00,1971-12-31,1972,1971,12,31,,,
-91.1915555555556,30.4456666666667,e17f5f687b364ec4955bcfd748856406,USGS-07374000,00065,ft,38.98,2026-04-07 19:50:25.462994+00:00,2015-07-26,2015,2015,7,26,,,
-91.1915555555556,30.4456666666667,e17f5f687b364ec4955bcfd748856406,USGS-07374000,00065,ft,32.88,2026-04-07 19:50:25.462994+00:00,1876-05-08,1876,1876,5,8,,,
